{
  "n": 1466,
  "n_events": 823,
  "event_rate": 0.5613915416098226,
  "max_followup_years": 29.25,
  "seed": 42,
  "n_boot": 1000,
  "horizons_years": [
    3.0,
    5.0,
    8.0,
    10.0,
    12.0,
    15.0
  ],
  "uno_tau_years": 10.0,
  "ibs_grid_years": [
    1.0,
    1.48,
    1.97,
    2.45,
    2.93,
    3.41,
    3.9,
    4.38,
    4.86,
    5.34,
    5.83,
    6.31,
    6.79,
    7.28,
    7.76,
    8.24,
    8.72,
    9.21,
    9.69,
    10.17,
    10.66,
    11.14,
    11.62,
    12.1,
    12.59,
    13.07,
    13.55,
    14.03,
    14.52,
    15.0
  ],
  "harrell": {
    "metric_gnn": 0.6442539217252836,
    "metric_cox": 0.5914173861776747,
    "delta_point": 0.05283653554760892,
    "delta_mean": 0.05262867334048567,
    "delta_std": 0.01180343542826254,
    "delta_ci_low": 0.030591253388845944,
    "delta_ci_high": 0.07561632530399863,
    "p_delta_le_0": 0.0,
    "n_boot": 1000,
    "n_valid": 1000,
    "ci_source": "stage_5_headline_n_boot_2000"
  },
  "uno": {
    "metric_gnn": 0.6430413653009922,
    "metric_cox": 0.5925209981146325,
    "delta_point": 0.05052036718635966,
    "delta_mean": 0.050200413817407946,
    "delta_std": 0.013309526950346437,
    "delta_ci_low": 0.02336070571651663,
    "delta_ci_high": 0.07646673021871721,
    "p_delta_le_0": 0.0,
    "n_boot": 1000,
    "n_valid": 1000
  },
  "tauc_mean": {
    "metric_gnn": 0.670245204502312,
    "metric_cox": 0.6207156667447497,
    "delta_point": 0.0495295377575623,
    "delta_mean": 0.04913383724264068,
    "delta_std": 0.015800432189408836,
    "delta_ci_low": 0.0174757318450307,
    "delta_ci_high": 0.08149865966538494,
    "p_delta_le_0": 0.0,
    "n_boot": 1000,
    "n_valid": 1000
  },
  "tauc_curve": {
    "years": [
      3.0,
      5.0,
      8.0,
      10.0,
      12.0,
      15.0
    ],
    "gnn": [
      0.6428070799596434,
      0.6651707988850277,
      0.663252486208291,
      0.6757398283316967,
      0.6875874086998891,
      0.706353300889526
    ],
    "cox": [
      0.6092658845538613,
      0.624785460603813,
      0.6193762667494964,
      0.6156304062266218,
      0.6266972319834874,
      0.6335866205520041
    ]
  },
  "ibs": {
    "metric_gnn": 0.17407231826681185,
    "metric_cox": 0.18409266939363114,
    "delta_point": 0.010020351126819288,
    "delta_mean": 0.009980026705084539,
    "delta_std": 0.002573481084887499,
    "delta_ci_low": 0.0050615261345891725,
    "delta_ci_high": 0.014755903242478687,
    "p_delta_le_0": 0.0,
    "n_boot": 1000,
    "n_valid": 1000
  },
  "antolini": {
    "metric_gnn": 0.6442512473929418,
    "metric_cox": 0.5914199202660371,
    "delta_point": 0.05283132712690475
  },
  "elapsed_seconds": 113.60896635055542
}